img_id,mod,center_test_z,center_test_y,center_test_x
rem_287,real,191,180,180
rem_820,real,189,180,180
rem_287,pix2pix,202,180,180
inj_787,real,348,180,180
inj_788,real,78,180,180
rem_288,real,118,140,140
rem_821,real,98,140,140
rem_288,pix2pix,125,140,140
inj_801,real,110,140,140
inj_802,real,120,140,140
inj_803,real,52,140,140
inj_804,real,88,140,140
rem_292,real,131,186,186
rem_825,real,139,186,186
rem_292,pix2pix,142,186,186
inj_821,real,94,186,186
inj_822,real,114,186,186
inj_823,real,114,186,186
inj_824,real,126,186,186
inj_825,real,204,186,186
rem_293,real,272,180,180
rem_826,real,265,180,180
rem_294,pix2pix,326,180,180
rem_294,real,340,180,180
rem_827,real,328,180,180
inj_849,real,342,180,180
rem_297,real,171,158,158
rem_829,real,155,158,158
rem_830,real,168,158,158
rem_297,pix2pix,166,158,158
rem_296,real,165,158,158
inj_854,real,171,158,158
inj_855,real,46,158,158
inj_856,real,160,158,158
rem_298,real,430,150,150
rem_298,pix2pix,424,150,150
rem_831,real,412,150,150
inj_859,real,279,150,150
inj_860,real,82,150,150
inj_861,real,116,150,150
inj_862,real,222,150,150
rem_301,real,50,164,164
rem_834,real,76,164,164
rem_301,pix2pix,30,164,164
inj_868,real,104,164,164
inj_869,real,180,164,164
inj_870,real,114,164,164
inj_871,real,130,164,164
inj_872,real,92,164,164
inj_873,real,58,164,164
rem_302,real,154,195,195
rem_303,real,119,195,195
rem_304,real,155,195,195
rem_835,real,155,195,195
rem_836,real,128,195,195
rem_302,pix2pix,160,195,195
rem_303,pix2pix,150,195,195
rem_304,pix2pix,171,195,195
rem_837,real,176,195,195
inj_875,real,128,195,195
inj_876,real,138,195,195
inj_877,real,159,195,195
rem_305,real,161,155,155
rem_838,real,150,155,155
rem_305,pix2pix,151,155,155
inj_890,real,133,155,155
inj_891,real,129,155,155
inj_892,real,186,155,155
inj_893,real,143,155,155
inj_894,real,145,155,155
inj_895,real,173,155,155
rem_306,real,162,180,180
rem_307,real,177,182,182
rem_839,real,228,180,180
rem_840,real,177,182,182
inj_897,real,216,180,180
inj_898,real,168,182,182
rem_309,real,188,180,180
rem_311,real,100,180,180
rem_842,real,128,180,180
rem_844,real,110,180,180
rem_309,pix2pix,138,180,180
rem_310,pix2pix,275,180,180
rem_310,real,210,180,180
rem_843,real,218,180,180
inj_916,real,218,180,180
inj_917,real,128,180,180
inj_918,real,90,180,180
rem_313,real,254,170,170
rem_846,real,271,170,170
rem_313,pix2pix,292,170,170
inj_920,real,555,170,170
inj_921,real,476,170,170
inj_922,real,281,170,170
inj_923,real,158,170,170
inj_924,real,272,170,170
inj_925,real,521,170,170
inj_926,real,286,170,170
inj_927,real,365,170,170
inj_928,real,484,170,170
rem_316,real,188,185,185
rem_849,real,188,185,185
rem_316,pix2pix,170,185,185
inj_956,real,36,185,185
rem_321,real,360,214,214
rem_854,real,310,214,214
rem_321,pix2pix,340,214,214
inj_957,real,246,214,214
rem_323,real,426,200,200
rem_324,real,328,200,200
rem_325,real,410,200,200
rem_326,real,390,200,200
rem_327,real,346,200,200
rem_856,real,452,200,200
rem_857,real,304,200,200
rem_858,real,416,200,200
rem_860,real,314,200,200
rem_323,pix2pix,454,200,200
rem_324,pix2pix,320,200,200
rem_326,pix2pix,366,200,200
rem_327,pix2pix,284,200,200
rem_859,real,342,200,200
inj_962,real,444,200,200
inj_963,real,222,200,200
inj_964,real,180,200,200
inj_965,real,240,200,200
inj_966,real,318,200,200
rem_329,real,252,225,225
rem_330,real,108,225,225
rem_862,real,183,225,225
rem_863,real,51,225,225
inj_971,real,102,225,225
rem_332,real,150,180,180
rem_333,real,144,180,180
rem_865,real,149,180,180
rem_866,real,152,180,180
rem_332,pix2pix,120,180,180
rem_333,pix2pix,150,180,180
inj_976,real,36,180,180
inj_977,real,92,180,180
inj_978,real,51,180,180
rem_334,real,82,138,138
rem_867,real,78,138,138
inj_985,real,37,138,138
inj_986,real,197,138,138
inj_987,real,163,138,138
rem_335,real,72,207,207
rem_336,real,147,207,207
rem_337,real,165,207,207
rem_868,real,54,207,207
rem_869,real,99,207,207
rem_870,real,153,207,207
inj_988,real,138,207,207
inj_989,real,93,207,207
rem_339,real,602,180,180
rem_872,real,596,180,180
rem_339,pix2pix,589,180,180
inj_990,real,359,180,180
inj_991,real,526,180,180
inj_992,real,415,180,180
rem_35,real,95,170,170
rem_37,real,92,170,170
rem_38,real,212,170,170
rem_39,real,242,170,170
rem_40,real,135,170,170
rem_568,real,102,170,170
rem_569,real,178,170,170
rem_570,real,145,170,170
rem_571,real,198,170,170
rem_573,real,152,170,170
inj_2061,real,248,170,170
inj_2062,real,185,170,170
inj_2063,real,155,170,170
inj_2064,real,125,170,170
inj_2065,real,135,170,170
rem_35,pix2pix,82,170,170
rem_36,pix2pix,182,170,170
rem_37,pix2pix,128,170,170
rem_38,pix2pix,212,170,170
rem_39,pix2pix,228,170,170
rem_40,pix2pix,188,170,170
rem_568,pix2pix,102,170,170
rem_569,pix2pix,160,170,170
rem_571,pix2pix,218,170,170
rem_572,pix2pix,232,170,170
rem_573,pix2pix,145,170,170
inj_2061,pix2pix,200,170,170
inj_2062,pix2pix,195,170,170
inj_2065,pix2pix,105,170,170
rem_36,real,120,170,170
rem_572,real,215,170,170
inj_86,real,225,170,170
inj_87,real,155,170,170
inj_88,real,175,170,170
inj_89,real,128,170,170
inj_90,real,150,170,170
rem_370,real,213,192,192
rem_903,real,234,192,192
rem_372,real,225,165,165
inj_1211,real,305,165,165
inj_1212,real,272,165,165
inj_1213,real,190,165,165
inj_1214,real,312,165,165
inj_1215,real,152,165,165
inj_1216,real,200,165,165
inj_1217,real,285,165,165
rem_372,pix2pix,290,165,165
inj_1211,pix2pix,265,165,165
inj_1212,pix2pix,260,165,165
inj_1214,pix2pix,290,165,165
inj_1216,pix2pix,192,165,165
rem_905,real,282,165,165
rem_373,real,195,166,166
inj_1219,real,162,166,166
inj_1220,real,177,166,166
inj_1221,real,201,166,166
inj_1218,real,72,166,166
rem_906,real,189,166,166
rem_374,real,249,166,166
inj_1229,real,283,166,166
inj_1230,real,302,166,166
inj_1229,pix2pix,286,166,166
inj_1230,pix2pix,302,166,166
rem_907,real,250,166,166
rem_375,real,84,155,155
rem_376,real,402,155,155
inj_1243,real,86,155,155
inj_1244,real,314,155,155
rem_375,pix2pix,67,155,155
rem_376,pix2pix,424,155,155
inj_1243,pix2pix,68,155,155
rem_908,real,71,155,155
rem_909,real,407,155,155
rem_377,real,186,166,166
inj_1248,real,206,166,166
inj_1251,real,261,166,166
rem_377,pix2pix,202,166,166
inj_1246,pix2pix,43,166,166
inj_1248,pix2pix,205,166,166
inj_1249,pix2pix,323,166,166
inj_1250,pix2pix,203,166,166
inj_1252,pix2pix,38,166,166
inj_1246,real,45,166,166
inj_1249,real,308,166,166
inj_1250,real,201,166,166
inj_1252,real,59,166,166
rem_910,real,188,166,166
rem_379,real,250,170,170
rem_380,real,200,170,170
inj_1257,real,168,170,170
inj_1258,real,162,170,170
rem_378,pix2pix,136,170,170
rem_379,pix2pix,220,170,170
rem_380,pix2pix,204,170,170
inj_1257,pix2pix,158,170,170
inj_1258,pix2pix,124,170,170
rem_378,real,176,170,170
rem_911,real,152,170,170
rem_912,real,248,170,170
rem_913,real,166,170,170
rem_382,real,88,175,175
rem_383,real,54,175,175
inj_1281,real,49,175,175
inj_1282,real,78,175,175
inj_1284,real,44,175,175
inj_1285,real,122,175,175
rem_382,pix2pix,74,175,175
rem_383,pix2pix,71,175,175
inj_1281,pix2pix,42,175,175
inj_1283,pix2pix,166,175,175
inj_1285,pix2pix,108,175,175
inj_1283,real,186,175,175
rem_915,real,64,175,175
rem_916,real,68,175,175
rem_384,real,168,135,135
rem_384,pix2pix,165,135,135
rem_917,real,148,135,135
rem_389,real,98,180,180
rem_390,real,21,180,180
rem_391,real,56,180,180
inj_1304,real,22,180,180
inj_1305,real,198,180,180
inj_1306,real,35,180,180
inj_1307,real,214,180,180
inj_1308,real,39,180,180
inj_1309,real,114,180,180
inj_1311,real,69,180,180
inj_1312,real,59,180,180
inj_1313,real,160,180,180
inj_1314,real,110,180,180
inj_1315,real,62,180,180
inj_1316,real,54,180,180
inj_1317,real,102,180,180
inj_1318,real,126,180,180
inj_1319,real,120,180,180
inj_1320,real,42,180,180
inj_1321,real,158,180,180
rem_389,pix2pix,111,180,180
rem_390,pix2pix,12,180,180
rem_391,pix2pix,66,180,180
inj_1304,pix2pix,16,180,180
inj_1306,pix2pix,35,180,180
inj_1307,pix2pix,185,180,180
inj_1308,pix2pix,28,180,180
inj_1309,pix2pix,91,180,180
inj_1310,pix2pix,139,180,180
inj_1311,pix2pix,69,180,180
inj_1312,pix2pix,70,180,180
inj_1313,pix2pix,155,180,180
inj_1314,pix2pix,120,180,180
inj_1316,pix2pix,62,180,180
inj_1317,pix2pix,121,180,180
inj_1318,pix2pix,110,180,180
inj_1319,pix2pix,120,180,180
inj_1320,pix2pix,50,180,180
inj_1321,pix2pix,139,180,180
inj_1310,real,150,180,180
rem_922,real,105,180,180
rem_923,real,31,180,180
rem_924,real,79,180,180
rem_392,real,342,140,140
rem_393,real,342,140,140
inj_1330,real,364,140,140
rem_392,pix2pix,309,140,140
inj_1330,pix2pix,370,140,140
rem_925,real,344,140,140
rem_926,real,334,140,140
rem_394,real,161,180,180
rem_395,real,172,180,180
rem_927,real,166,180,180
rem_928,real,179,180,180
rem_397,real,310,180,180
inj_1344,real,102,180,180
inj_1345,real,239,180,180
inj_1347,real,80,180,180
rem_397,pix2pix,290,180,180
inj_1344,pix2pix,126,180,180
inj_1346,pix2pix,49,180,180
inj_1348,pix2pix,368,180,180
inj_1349,pix2pix,58,180,180
inj_1346,real,41,180,180
inj_1348,real,385,180,180
inj_1349,real,64,180,180
rem_930,real,302,180,180
rem_400,real,141,172,172
inj_1356,real,120,172,172
inj_1358,real,120,172,172
inj_1359,real,132,172,172
inj_1360,real,228,172,172
inj_1357,real,60,172,172
inj_1361,real,168,172,172
rem_933,real,66,172,172
rem_401,real,111,138,138
inj_1363,real,33,138,138
inj_1364,real,72,138,138
inj_1365,real,6,138,138
inj_1366,real,162,138,138
rem_934,real,39,138,138
rem_402,real,177,171,171
inj_1369,real,135,171,171
inj_1370,real,243,171,171
inj_1371,real,186,171,171
inj_1372,real,249,171,171
inj_1373,real,237,171,171
rem_935,real,213,171,171
rem_403,real,118,160,160
rem_403,pix2pix,120,160,160
rem_936,real,115,160,160
rem_405,real,93,146,146
rem_938,real,102,146,146
rem_406,real,264,161,161
inj_1377,real,308,161,161
inj_1378,real,278,161,161
rem_406,pix2pix,264,161,161
inj_1377,pix2pix,310,161,161
rem_939,real,280,161,161
rem_407,real,472,180,180
inj_1383,real,374,180,180
rem_407,pix2pix,472,180,180
inj_1383,pix2pix,390,180,180
inj_1384,pix2pix,352,180,180
inj_1384,real,360,180,180
rem_940,real,479,180,180
rem_409,real,405,150,150
rem_409,pix2pix,414,150,150
rem_942,real,392,150,150
rem_410,real,492,186,186
rem_411,real,408,186,186
inj_1414,real,372,186,186
inj_1415,real,380,186,186
inj_1417,real,352,186,186
inj_1418,real,348,186,186
rem_410,pix2pix,388,186,186
inj_1415,pix2pix,492,186,186
inj_1416,pix2pix,448,186,186
inj_1418,pix2pix,380,186,186
inj_1416,real,524,186,186
rem_943,real,396,186,186
rem_944,real,328,186,186
rem_414,real,189,161,161
inj_1446,real,207,161,161
inj_1447,real,72,161,161
inj_1448,real,174,161,161
rem_413,real,183,161,161
rem_415,real,96,161,161
rem_946,real,198,161,161
rem_947,real,147,161,161
rem_948,real,144,161,161
rem_417,real,90,180,180
inj_1456,real,146,180,180
inj_1456,pix2pix,166,180,180
rem_950,real,91,180,180
rem_418,real,118,170,170
inj_1457,real,128,170,170
rem_418,pix2pix,154,170,170
inj_1457,pix2pix,120,170,170
rem_951,real,110,170,170
rem_419,real,220,210,210
rem_419,pix2pix,205,210,210
rem_952,real,231,210,210
rem_42,real,159,243,243
rem_43,real,119,243,243
rem_575,real,155,243,243
inj_2073,real,154,243,243
rem_42,pix2pix,154,243,243
rem_43,pix2pix,139,243,243
rem_575,pix2pix,175,243,243
rem_576,pix2pix,119,243,243
inj_2073,pix2pix,170,243,243
rem_576,real,146,243,243
inj_98,real,162,243,243
rem_420,real,212,165,165
inj_1465,real,262,165,165
inj_1466,real,50,165,165
inj_1468,real,190,165,165
rem_420,pix2pix,182,165,165
inj_1466,pix2pix,68,165,165
inj_1467,pix2pix,125,165,165
inj_1468,pix2pix,192,165,165
inj_1467,real,152,165,165
rem_953,real,180,165,165
rem_423,real,165,212,212
rem_423,pix2pix,172,212,212
rem_956,real,190,212,212
rem_424,real,268,190,190
inj_1487,real,252,190,190
rem_424,pix2pix,264,190,190
inj_1487,pix2pix,298,190,190
rem_957,real,320,190,190
rem_426,real,234,160,160
rem_427,real,106,160,160
inj_1490,real,134,160,160
inj_1492,real,134,160,160
inj_1493,real,150,160,160
inj_1494,real,140,160,160
inj_1495,real,159,160,160
inj_1496,real,120,160,160
inj_1497,real,121,160,160
rem_425,pix2pix,82,160,160
rem_427,pix2pix,91,160,160
inj_1489,pix2pix,214,160,160
inj_1491,pix2pix,173,160,160
inj_1492,pix2pix,133,160,160
inj_1493,pix2pix,127,160,160
inj_1494,pix2pix,145,160,160
inj_1495,pix2pix,172,160,160
inj_1496,pix2pix,128,160,160
inj_1497,pix2pix,124,160,160
rem_425,real,81,160,160
inj_1489,real,226,160,160
inj_1491,real,181,160,160
rem_958,real,91,160,160
rem_959,real,231,160,160
rem_960,real,94,160,160
rem_428,real,52,200,200
rem_428,pix2pix,112,200,200
rem_961,real,98,200,200
rem_430,real,157,150,150
inj_1503,real,256,150,150
inj_1504,real,94,150,150
inj_1505,real,97,150,150
inj_1508,real,132,150,150
inj_1509,real,246,150,150
rem_430,pix2pix,168,150,150
inj_1503,pix2pix,236,150,150
inj_1504,pix2pix,72,150,150
inj_1505,pix2pix,82,150,150
inj_1506,pix2pix,50,150,150
inj_1507,pix2pix,63,150,150
inj_1509,pix2pix,240,150,150
inj_1510,pix2pix,106,150,150
inj_1511,pix2pix,155,150,150
inj_1506,real,55,150,150
inj_1507,real,94,150,150
inj_1510,real,124,150,150
inj_1511,real,147,150,150
rem_963,real,178,150,150
rem_432,real,171,170,170
inj_1512,real,97,170,170
inj_1513,real,202,170,170
rem_432,pix2pix,156,170,170
inj_1512,pix2pix,120,170,170
rem_431,real,200,170,170
rem_964,real,204,170,170
rem_965,real,169,170,170
rem_433,real,182,180,180
inj_1524,real,132,180,180
inj_1525,real,246,180,180
rem_433,pix2pix,174,180,180
inj_1524,pix2pix,150,180,180
inj_1525,pix2pix,258,180,180
rem_966,real,180,180,180
rem_434,real,82,180,180
rem_435,real,126,180,180
inj_1530,real,169,180,180
inj_1531,real,172,180,180
inj_1532,real,79,180,180
inj_1533,real,65,180,180
inj_1534,real,146,180,180
rem_434,pix2pix,81,180,180
inj_1529,pix2pix,95,180,180
inj_1530,pix2pix,174,180,180
inj_1532,pix2pix,68,180,180
inj_1533,pix2pix,80,180,180
inj_1529,real,71,180,180
rem_967,real,78,180,180
rem_968,real,161,180,180
rem_436,real,86,145,145
inj_1539,real,194,145,145
inj_1540,real,172,145,145
inj_1541,real,282,145,145
rem_436,pix2pix,86,145,145
inj_1539,pix2pix,226,145,145
inj_1540,pix2pix,226,145,145
inj_1541,pix2pix,254,145,145
rem_969,real,58,145,145
rem_437,real,165,204,204
rem_437,pix2pix,172,204,204
rem_970,real,166,204,204
rem_438,real,370,170,170
rem_438,pix2pix,394,170,170
rem_971,real,398,170,170
rem_44,real,200,165,165
rem_577,real,132,165,165
inj_100,real,188,165,165
inj_101,real,175,165,165
inj_102,real,190,165,165
inj_103,real,190,165,165
inj_104,real,140,165,165
inj_106,real,178,165,165
inj_107,real,115,165,165
inj_109,real,158,165,165
inj_110,real,180,165,165
inj_111,real,138,165,165
inj_112,real,152,165,165
inj_2074,real,180,165,165
inj_2075,real,162,165,165
inj_2076,real,142,165,165
inj_2077,real,170,165,165
inj_2078,real,132,165,165
inj_2079,real,212,165,165
inj_2080,real,245,165,165
inj_2081,real,125,165,165
inj_2082,real,180,165,165
inj_2083,real,178,165,165
inj_2084,real,185,165,165
inj_2085,real,132,165,165
inj_2086,real,192,165,165
inj_2087,real,198,165,165
rem_44,pix2pix,175,165,165
rem_577,pix2pix,142,165,165
inj_100,pix2pix,152,165,165
inj_101,pix2pix,138,165,165
inj_103,pix2pix,158,165,165
inj_105,pix2pix,222,165,165
inj_106,pix2pix,192,165,165
inj_107,pix2pix,175,165,165
inj_108,pix2pix,162,165,165
inj_109,pix2pix,160,165,165
inj_110,pix2pix,178,165,165
inj_111,pix2pix,145,165,165
inj_112,pix2pix,135,165,165
inj_2074,pix2pix,168,165,165
inj_2075,pix2pix,210,165,165
inj_2078,pix2pix,205,165,165
inj_2080,pix2pix,240,165,165
inj_2081,pix2pix,198,165,165
inj_2082,pix2pix,125,165,165
inj_2085,pix2pix,168,165,165
inj_2086,pix2pix,135,165,165
inj_2087,pix2pix,212,165,165
inj_105,real,270,165,165
inj_108,real,180,165,165
inj_99,real,188,165,165
rem_441,real,111,182,182
rem_442,real,102,182,182
inj_1553,real,147,182,182
rem_974,real,93,182,182
rem_975,real,39,182,182
rem_447,real,76,160,160
inj_1596,real,110,160,160
inj_1597,real,101,160,160
rem_447,pix2pix,71,160,160
inj_1596,pix2pix,142,160,160
inj_1597,pix2pix,129,160,160
rem_980,real,94,160,160
rem_448,real,156,140,140
rem_449,real,266,140,140
inj_1637,real,228,140,140
rem_448,pix2pix,140,140,140
inj_1637,pix2pix,251,140,140
rem_981,real,142,140,140
rem_982,real,271,140,140
rem_450,real,459,150,150
inj_1638,real,286,150,150
inj_1639,real,392,150,150
inj_1641,real,475,150,150
inj_1638,pix2pix,296,150,150
inj_1639,pix2pix,381,150,150
inj_1640,pix2pix,285,150,150
inj_1641,pix2pix,454,150,150
inj_1640,real,282,150,150
rem_983,real,476,150,150
rem_451,real,199,195,195
inj_1646,real,164,195,195
inj_1647,real,93,195,195
inj_1648,real,214,195,195
inj_1651,real,200,195,195
inj_1652,real,239,195,195
rem_451,pix2pix,208,195,195
inj_1646,pix2pix,182,195,195
inj_1648,pix2pix,225,195,195
inj_1649,pix2pix,207,195,195
inj_1650,pix2pix,134,195,195
inj_1651,pix2pix,188,195,195
inj_1652,pix2pix,248,195,195
inj_1649,real,211,195,195
inj_1650,real,146,195,195
rem_984,real,202,195,195
rem_452,real,224,190,190
inj_1653,real,150,190,190
inj_1654,real,358,190,190
rem_452,pix2pix,225,190,190
inj_1654,pix2pix,355,190,190
rem_985,real,211,190,190
rem_453,real,211,160,160
rem_454,real,191,160,160
inj_1661,real,260,160,160
inj_1662,real,484,160,160
inj_1664,real,180,160,160
inj_1665,real,411,160,160
rem_453,pix2pix,208,160,160
inj_1661,pix2pix,258,160,160
inj_1662,pix2pix,502,160,160
inj_1663,pix2pix,266,160,160
inj_1664,pix2pix,200,160,160
inj_1665,pix2pix,411,160,160
inj_1663,real,265,160,160
rem_986,real,209,160,160
rem_987,real,194,160,160
rem_456,real,246,181,181
rem_457,real,195,181,181
inj_1680,real,225,181,181
inj_1681,real,117,181,181
inj_1683,real,15,181,181
inj_1684,real,141,181,181
inj_1686,real,102,181,181
inj_1687,real,96,181,181
inj_1689,real,117,181,181
inj_1690,real,147,181,181
inj_1691,real,120,181,181
inj_1692,real,159,181,181
inj_1693,real,165,181,181
inj_1682,real,141,181,181
inj_1685,real,54,181,181
inj_1688,real,81,181,181
rem_989,real,219,181,181
rem_990,real,243,181,181
rem_459,real,308,180,180
inj_1697,real,219,180,180
inj_1698,real,186,180,180
inj_1699,real,221,180,180
inj_1700,real,139,180,180
inj_1701,real,171,180,180
inj_1703,real,202,180,180
inj_1704,real,236,180,180
inj_1705,real,325,180,180
inj_1706,real,106,180,180
inj_1707,real,208,180,180
rem_458,pix2pix,138,180,180
rem_459,pix2pix,299,180,180
inj_1697,pix2pix,232,180,180
inj_1698,pix2pix,155,180,180
inj_1699,pix2pix,215,180,180
inj_1700,pix2pix,154,180,180
inj_1701,pix2pix,154,180,180
inj_1702,pix2pix,309,180,180
inj_1703,pix2pix,200,180,180
inj_1704,pix2pix,251,180,180
inj_1705,pix2pix,349,180,180
inj_1706,pix2pix,84,180,180
inj_1707,pix2pix,230,180,180
rem_458,real,164,180,180
inj_1702,real,300,180,180
rem_991,real,140,180,180
rem_992,real,288,180,180
rem_460,real,66,190,190
inj_1709,real,210,190,190
inj_1709,pix2pix,216,190,190
rem_993,real,64,190,190
rem_462,real,465,170,170
inj_1754,real,401,170,170
inj_1755,real,148,170,170
inj_1756,real,284,170,170
rem_462,pix2pix,431,170,170
inj_1754,pix2pix,414,170,170
inj_1755,pix2pix,152,170,170
inj_1756,pix2pix,309,170,170
rem_995,real,449,170,170
rem_463,real,99,171,171
rem_464,real,39,171,171
rem_463,pix2pix,99,171,171
rem_996,real,75,171,171
rem_997,real,47,171,171
rem_465,real,210,200,200
inj_1757,real,68,200,200
inj_1758,real,34,200,200
inj_1759,real,155,200,200
inj_1760,real,26,200,200
inj_1761,real,119,200,200
inj_1762,real,46,200,200
rem_465,pix2pix,209,200,200
inj_1757,pix2pix,69,200,200
inj_1758,pix2pix,51,200,200
inj_1760,pix2pix,48,200,200
inj_1761,pix2pix,151,200,200
inj_1762,pix2pix,41,200,200
inj_1763,pix2pix,42,200,200
inj_1763,real,46,200,200
rem_998,real,185,200,200
rem_625,real,93,147,147
rem_92,real,108,147,147
rem_626,real,231,166,166
rem_93,real,219,166,166
rem_627,real,346,138,138
inj_205,real,296,138,138
inj_205,pix2pix,288,138,138
inj_2180,pix2pix,298,138,138
inj_2180,real,322,138,138
rem_94,real,396,138,138
rem_628,real,166,242,242
rem_629,real,196,242,242
rem_631,real,220,242,242
rem_630,real,44,242,242
rem_95,real,156,242,242
rem_96,real,142,242,242
rem_97,real,76,242,242
rem_98,real,222,242,242
rem_632,real,129,235,235
inj_206,real,160,235,235
inj_2181,real,152,235,235
inj_206,pix2pix,135,235,235
inj_2181,pix2pix,152,235,235
rem_99,real,126,235,235
rem_828,real,52,150,150
rem_295,pix2pix,39,150,150
rem_295,real,35,150,150
inj_852,real,180,150,150
inj_853,real,142,150,150
rem_841,real,145,190,190
rem_308,pix2pix,116,190,190
rem_308,real,119,190,190
inj_899,real,154,190,190
inj_900,real,36,190,190
inj_901,real,68,190,190
inj_902,real,155,190,190
rem_845,real,189,160,160
rem_312,pix2pix,206,160,160
rem_312,real,217,160,160
inj_919,real,80,160,160
rem_864,real,146,180,180
rem_331,pix2pix,168,180,180
rem_331,real,165,180,180
inj_974,real,145,180,180
rem_873,real,238,150,150
rem_340,pix2pix,235,150,150
rem_340,real,250,150,150
inj_993,real,168,150,150
inj_994,real,210,150,150
inj_995,real,158,150,150
inj_1000,real,105,184,184
inj_1001,real,94,184,184
inj_1002,real,101,184,184
inj_1003,real,131,184,184
inj_1000,pix2pix,127,184,184
inj_1001,pix2pix,107,184,184
inj_1002,pix2pix,95,184,184
inj_1003,pix2pix,160,184,184
inj_998,real,118,184,184
inj_999,real,160,184,184
inj_1259,real,158,151,151
inj_1260,real,164,151,151
inj_1261,real,121,151,151
inj_1263,real,174,151,151
rem_381,pix2pix,152,151,151
inj_1259,pix2pix,164,151,151
inj_1260,pix2pix,168,151,151
inj_1264,pix2pix,51,151,151
rem_381,real,160,151,151
inj_1262,real,88,151,151
inj_1264,real,74,151,151
rem_914,real,155,151,151
inj_1339,real,21,145,145
inj_1340,real,108,145,145
inj_1341,real,85,145,145
inj_1342,real,164,145,145
rem_396,pix2pix,58,145,145
inj_1339,pix2pix,-1,145,145
inj_1340,pix2pix,111,145,145
inj_1341,pix2pix,61,145,145
inj_1342,pix2pix,159,145,145
inj_1343,pix2pix,20,145,145
rem_396,real,46,145,145
inj_1343,real,21,145,145
rem_929,real,56,145,145
inj_1355,real,284,155,155
rem_398,pix2pix,501,155,155
inj_1355,pix2pix,298,155,155
rem_398,real,464,155,155
rem_931,real,468,155,155
inj_1398,real,170,170,170
inj_1398,pix2pix,188,170,170
rem_408,real,62,170,170
rem_941,real,72,170,170
inj_1452,real,261,166,166
inj_1453,real,162,166,166
inj_1454,real,189,166,166
inj_1455,real,228,166,166
rem_416,real,234,166,166
rem_949,real,204,166,166
inj_1501,real,165,184,184
inj_1502,real,117,184,184
rem_429,real,72,184,184
inj_1499,real,153,184,184
inj_1500,real,186,184,184
rem_962,real,69,184,184
inj_1547,real,380,185,185
rem_439,pix2pix,350,185,185
inj_1547,pix2pix,348,185,185
rem_439,real,378,185,185
rem_972,real,362,185,185
inj_1563,real,49,184,184
rem_444,pix2pix,76,184,184
inj_1563,pix2pix,32,184,184
rem_444,real,59,184,184
rem_977,real,71,184,184
inj_1577,real,231,166,166
inj_1578,real,212,166,166
inj_1579,real,314,166,166
inj_1580,real,188,166,166
inj_1581,real,220,166,166
rem_445,pix2pix,226,166,166
inj_1577,pix2pix,224,166,166
inj_1578,pix2pix,224,166,166
inj_1580,pix2pix,178,166,166
inj_1581,pix2pix,214,166,166
rem_445,real,205,166,166
rem_978,real,212,166,166
inj_1667,real,144,160,160
rem_455,pix2pix,254,160,160
inj_1666,pix2pix,182,160,160
inj_1667,pix2pix,145,160,160
rem_455,real,241,160,160
inj_1666,real,171,160,160
rem_988,real,225,160,160
inj_1729,real,182,170,170
inj_1730,real,211,170,170
rem_461,pix2pix,172,170,170
inj_1730,pix2pix,202,170,170
rem_461,real,186,170,170
rem_994,real,170,170,170
inj_1770,real,396,169,169
inj_1771,real,354,169,169
rem_466,pix2pix,324,169,169
inj_1770,pix2pix,384,169,169
inj_1771,pix2pix,352,169,169
rem_466,real,348,169,169
rem_999,real,332,169,169
inj_1983,real,170,200,200
inj_1984,real,112,200,200
inj_1983,pix2pix,118,200,200
inj_1984,pix2pix,82,200,200
inj_8,real,140,200,200
inj_9,real,110,200,200
inj_2050,real,180,180,180
inj_2051,real,230,180,180
inj_2052,real,205,180,180
inj_2053,real,230,180,180
inj_2054,real,198,180,180
inj_2055,real,85,180,180
inj_2056,real,150,180,180
inj_2058,real,60,180,180
inj_2059,real,170,180,180
inj_75,real,172,180,180
inj_76,real,240,180,180
inj_2050,pix2pix,170,180,180
inj_2051,pix2pix,210,180,180
inj_2052,pix2pix,182,180,180
inj_2053,pix2pix,150,180,180
inj_2054,pix2pix,158,180,180
inj_2055,pix2pix,112,180,180
inj_2056,pix2pix,82,180,180
inj_2057,pix2pix,245,180,180
inj_2058,pix2pix,128,180,180
inj_2059,pix2pix,132,180,180
inj_2057,real,220,180,180
inj_77,real,192,180,180
inj_78,real,195,180,180
inj_79,real,138,180,180
inj_80,real,108,180,180
inj_81,real,145,180,180
inj_82,real,232,180,180
inj_83,real,92,180,180
inj_84,real,135,180,180
inj_2066,real,250,190,190
inj_2068,real,198,190,190
inj_2069,real,185,190,190
inj_2070,real,210,190,190
inj_2071,real,188,190,190
inj_2072,real,265,190,190
inj_2066,pix2pix,228,190,190
inj_2068,pix2pix,192,190,190
inj_2069,pix2pix,162,190,190
inj_2070,pix2pix,250,190,190
inj_2071,pix2pix,258,190,190
inj_2072,pix2pix,230,190,190
inj_91,real,228,190,190
inj_93,real,218,190,190
inj_94,real,175,190,190
inj_95,real,200,190,190
inj_96,real,215,190,190
inj_97,real,275,190,190
inj_764,real,314,214,214
inj_765,real,220,214,214
inj_766,real,346,214,214
inj_767,real,386,214,214
inj_768,real,268,214,214
rem_386,pix2pix,228,195,195
rem_412,pix2pix,60,160,160
inj_1434,pix2pix,40,160,160
rem_440,pix2pix,122,180,180
rem_446,pix2pix,230,170,170
